,Iteration,Loss
0,10,2.350586938858032
1,20,1.6295846104621887
